,Name,Name2,Bedrooms,Price
0,Private room in Windsor,Private BR W/ Spectacular River View Near UWin,Cozy Private BR in a basement/queen bed+free WifiðŸŽ–,64
1,Private room in Windsor,The second room is beautiful!!!,The second room is beautiful!!!,54
2,Bungalow in Windsor,Heart of East Windsor,"Exclusive Boutique Hotel, Private 1 Bedroom Suite",92
3,Private room in Windsor,The fourth room is beautiful !!!,The fourth room is beautiful !!!,54
4,Private room in Windsor,Cozy Private BR in a basement/queen bed+free WifiðŸŽ–,Year Round Hot Tub at The Gem!,75
5,Home in Windsor,"Couple's Romantic Retreat with hot tub, fire pit.",Professionals Favorite Place,322
6,Home in Windsor,Stylish Suite Near Waterfront & Downtown,"Couple's Romantic Retreat with hot tub, fire pit.",176
7,Private room in Windsor,Private BR W/ Spectacular River View Near UWindsor,Private BR W/ Spectacular River View Near UWindsor,64
8,Cottage in Windsor,"Serene, Cozy Cottage on the water.",Stylish Suite Near Waterfront & Downtown,195
9,Cottage in Lakeshore,Lake House on Lake St Clair,Private Master Room Windsor,165
10,Private room in Windsor,Private Master Room Windsor,"Serene, Cozy Cottage on the water.",74
11,Loft in Windsor,Charming Erie loft in the heart of Little Italy,Charming Erie loft in the heart of Little Italy,232
12,Private room in Windsor,1 Private room | 2 guests max,Lake House on Lake St Clair,52
13,Guest suite in Windsor,Spacious 1 Bedroom Walkout Basement Unit,1 Private room | 2 guests max,111
14,Private room in Windsor,King Bedroom in a newly built house,King Bedroom in a newly built house,66
15,Private room in Windsor,Cheerful Townhouse in heart of Walkerville,Spacious 1 Bedroom Walkout Basement Unit,92
16,Private room in Windsor,Studio in Trendy & Walkable Olde Walkerville,Cheerful Townhouse in heart of Walkerville,90
17,Villa in Windsor,Cheerful 4-bedroom home by the river.,Studio in Trendy & Walkable Olde Walkerville,279
18,Private room in Windsor,Private BR W/ Spectacular River View Near UWin,Cozy Private BR in a basement/queen bed+free WifiðŸŽ–,64
19,Private room in Windsor,The second room is beautiful!!!,The second room is beautiful!!!,54
20,Bungalow in Windsor,Heart of East Windsor,"Exclusive Boutique Hotel, Private 1 Bedroom Suite",92
21,Private room in Windsor,The fourth room is beautiful !!!,The fourth room is beautiful !!!,54
22,Private room in Windsor,Cozy Private BR in a basement/queen bed+free WifiðŸŽ–,Year Round Hot Tub at The Gem!,75
23,Home in Windsor,"Couple's Romantic Retreat with hot tub, fire pit.",Professionals Favorite Place,322
24,Home in Windsor,Stylish Suite Near Waterfront & Downtown,"Couple's Romantic Retreat with hot tub, fire pit.",176
25,Private room in Windsor,Private BR W/ Spectacular River View Near UWindsor,Private BR W/ Spectacular River View Near UWindsor,64
26,Cottage in Windsor,"Serene, Cozy Cottage on the water.",Stylish Suite Near Waterfront & Downtown,195
27,Cottage in Lakeshore,Lake House on Lake St Clair,Private Master Room Windsor,165
28,Private room in Windsor,Private Master Room Windsor,"Serene, Cozy Cottage on the water.",74
29,Loft in Windsor,Charming Erie loft in the heart of Little Italy,Charming Erie loft in the heart of Little Italy,232
30,Private room in Windsor,1 Private room | 2 guests max,Lake House on Lake St Clair,52
31,Guest suite in Windsor,Spacious 1 Bedroom Walkout Basement Unit,1 Private room | 2 guests max,111
32,Private room in Windsor,King Bedroom in a newly built house,King Bedroom in a newly built house,66
33,Private room in Windsor,Cheerful Townhouse in heart of Walkerville,Spacious 1 Bedroom Walkout Basement Unit,92
34,Private room in Windsor,Studio in Trendy & Walkable Olde Walkerville,Cheerful Townhouse in heart of Walkerville,90
35,Villa in Windsor,Cheerful 4-bedroom home by the river.,Studio in Trendy & Walkable Olde Walkerville,279
36,Private room in Windsor,Private BR W/ Spectacular River View Near UWin,Cozy Private BR in a basement/queen bed+free WifiðŸŽ–,64
37,Private room in Windsor,The second room is beautiful!!!,The second room is beautiful!!!,54
38,Bungalow in Windsor,Heart of East Windsor,"Exclusive Boutique Hotel, Private 1 Bedroom Suite",92
39,Private room in Windsor,The fourth room is beautiful !!!,The fourth room is beautiful !!!,54
40,Private room in Windsor,Cozy Private BR in a basement/queen bed+free WifiðŸŽ–,Year Round Hot Tub at The Gem!,75
41,Home in Windsor,"Couple's Romantic Retreat with hot tub, fire pit.",Professionals Favorite Place,322
42,Home in Windsor,Stylish Suite Near Waterfront & Downtown,"Couple's Romantic Retreat with hot tub, fire pit.",176
43,Private room in Windsor,Private BR W/ Spectacular River View Near UWindsor,Private BR W/ Spectacular River View Near UWindsor,64
44,Cottage in Windsor,"Serene, Cozy Cottage on the water.",Stylish Suite Near Waterfront & Downtown,195
45,Cottage in Lakeshore,Lake House on Lake St Clair,Private Master Room Windsor,165
46,Private room in Windsor,Private Master Room Windsor,"Serene, Cozy Cottage on the water.",74
47,Loft in Windsor,Charming Erie loft in the heart of Little Italy,Charming Erie loft in the heart of Little Italy,232
48,Private room in Windsor,1 Private room | 2 guests max,Lake House on Lake St Clair,52
49,Guest suite in Windsor,Spacious 1 Bedroom Walkout Basement Unit,1 Private room | 2 guests max,111
50,Private room in Windsor,King Bedroom in a newly built house,King Bedroom in a newly built house,66
51,Private room in Windsor,Cheerful Townhouse in heart of Walkerville,Spacious 1 Bedroom Walkout Basement Unit,92
52,Private room in Windsor,Studio in Trendy & Walkable Olde Walkerville,Cheerful Townhouse in heart of Walkerville,90
53,Villa in Windsor,Cheerful 4-bedroom home by the river.,Studio in Trendy & Walkable Olde Walkerville,279
54,Private room in Windsor,Private BR W/ Spectacular River View Near UWin,Cozy Private BR in a basement/queen bed+free WifiðŸŽ–,64
55,Private room in Windsor,The second room is beautiful!!!,The second room is beautiful!!!,54
56,Bungalow in Windsor,Heart of East Windsor,"Exclusive Boutique Hotel, Private 1 Bedroom Suite",92
57,Private room in Windsor,The fourth room is beautiful !!!,The fourth room is beautiful !!!,54
58,Private room in Windsor,Cozy Private BR in a basement/queen bed+free WifiðŸŽ–,Year Round Hot Tub at The Gem!,75
59,Home in Windsor,"Couple's Romantic Retreat with hot tub, fire pit.",Professionals Favorite Place,322
60,Home in Windsor,Stylish Suite Near Waterfront & Downtown,"Couple's Romantic Retreat with hot tub, fire pit.",176
61,Private room in Windsor,Private BR W/ Spectacular River View Near UWindsor,Private BR W/ Spectacular River View Near UWindsor,64
62,Cottage in Windsor,"Serene, Cozy Cottage on the water.",Stylish Suite Near Waterfront & Downtown,195
63,Cottage in Lakeshore,Lake House on Lake St Clair,Private Master Room Windsor,165
64,Private room in Windsor,Private Master Room Windsor,"Serene, Cozy Cottage on the water.",74
65,Loft in Windsor,Charming Erie loft in the heart of Little Italy,Charming Erie loft in the heart of Little Italy,232
66,Private room in Windsor,1 Private room | 2 guests max,Lake House on Lake St Clair,52
67,Guest suite in Windsor,Spacious 1 Bedroom Walkout Basement Unit,1 Private room | 2 guests max,111
68,Private room in Windsor,King Bedroom in a newly built house,King Bedroom in a newly built house,66
69,Private room in Windsor,Cheerful Townhouse in heart of Walkerville,Spacious 1 Bedroom Walkout Basement Unit,92
70,Private room in Windsor,Studio in Trendy & Walkable Olde Walkerville,Cheerful Townhouse in heart of Walkerville,90
71,Villa in Windsor,Cheerful 4-bedroom home by the river.,Studio in Trendy & Walkable Olde Walkerville,279
72,Private room in Windsor,Private BR W/ Spectacular River View Near UWin,Cozy Private BR in a basement/queen bed+free WifiðŸŽ–,64
73,Private room in Windsor,The second room is beautiful!!!,The second room is beautiful!!!,54
74,Bungalow in Windsor,Heart of East Windsor,"Exclusive Boutique Hotel, Private 1 Bedroom Suite",92
75,Private room in Windsor,The fourth room is beautiful !!!,The fourth room is beautiful !!!,54
76,Private room in Windsor,Cozy Private BR in a basement/queen bed+free WifiðŸŽ–,Year Round Hot Tub at The Gem!,75
77,Home in Windsor,"Couple's Romantic Retreat with hot tub, fire pit.",Professionals Favorite Place,322
78,Home in Windsor,Stylish Suite Near Waterfront & Downtown,"Couple's Romantic Retreat with hot tub, fire pit.",176
79,Private room in Windsor,Private BR W/ Spectacular River View Near UWindsor,Private BR W/ Spectacular River View Near UWindsor,64
80,Cottage in Windsor,"Serene, Cozy Cottage on the water.",Stylish Suite Near Waterfront & Downtown,195
81,Cottage in Lakeshore,Lake House on Lake St Clair,Private Master Room Windsor,165
82,Private room in Windsor,Private Master Room Windsor,"Serene, Cozy Cottage on the water.",74
83,Loft in Windsor,Charming Erie loft in the heart of Little Italy,Charming Erie loft in the heart of Little Italy,232
84,Private room in Windsor,1 Private room | 2 guests max,Lake House on Lake St Clair,52
85,Guest suite in Windsor,Spacious 1 Bedroom Walkout Basement Unit,1 Private room | 2 guests max,111
86,Private room in Windsor,King Bedroom in a newly built house,King Bedroom in a newly built house,66
87,Private room in Windsor,Cheerful Townhouse in heart of Walkerville,Spacious 1 Bedroom Walkout Basement Unit,92
88,Private room in Windsor,Studio in Trendy & Walkable Olde Walkerville,Cheerful Townhouse in heart of Walkerville,90
89,Villa in Windsor,Cheerful 4-bedroom home by the river.,Studio in Trendy & Walkable Olde Walkerville,279
90,Private room in Windsor,Private BR W/ Spectacular River View Near UWin,Cozy Private BR in a basement/queen bed+free WifiðŸŽ–,64
91,Private room in Windsor,The second room is beautiful!!!,The second room is beautiful!!!,54
92,Bungalow in Windsor,Heart of East Windsor,"Exclusive Boutique Hotel, Private 1 Bedroom Suite",92
93,Private room in Windsor,The fourth room is beautiful !!!,The fourth room is beautiful !!!,54
94,Private room in Windsor,Cozy Private BR in a basement/queen bed+free WifiðŸŽ–,Year Round Hot Tub at The Gem!,75
95,Home in Windsor,"Couple's Romantic Retreat with hot tub, fire pit.",Professionals Favorite Place,322
96,Home in Windsor,Stylish Suite Near Waterfront & Downtown,"Couple's Romantic Retreat with hot tub, fire pit.",176
97,Private room in Windsor,Private BR W/ Spectacular River View Near UWindsor,Private BR W/ Spectacular River View Near UWindsor,64
98,Cottage in Windsor,"Serene, Cozy Cottage on the water.",Stylish Suite Near Waterfront & Downtown,195
99,Cottage in Lakeshore,Lake House on Lake St Clair,Private Master Room Windsor,165
100,Private room in Windsor,Private Master Room Windsor,"Serene, Cozy Cottage on the water.",74
101,Loft in Windsor,Charming Erie loft in the heart of Little Italy,Charming Erie loft in the heart of Little Italy,232
102,Private room in Windsor,1 Private room | 2 guests max,Lake House on Lake St Clair,52
103,Guest suite in Windsor,Spacious 1 Bedroom Walkout Basement Unit,1 Private room | 2 guests max,111
104,Private room in Windsor,King Bedroom in a newly built house,King Bedroom in a newly built house,66
105,Private room in Windsor,Cheerful Townhouse in heart of Walkerville,Spacious 1 Bedroom Walkout Basement Unit,92
106,Private room in Windsor,Studio in Trendy & Walkable Olde Walkerville,Cheerful Townhouse in heart of Walkerville,90
107,Villa in Windsor,Cheerful 4-bedroom home by the river.,Studio in Trendy & Walkable Olde Walkerville,279
108,Private room in Windsor,Private BR W/ Spectacular River View Near UWin,Cozy Private BR in a basement/queen bed+free WifiðŸŽ–,64
109,Private room in Windsor,The second room is beautiful!!!,The second room is beautiful!!!,54
110,Bungalow in Windsor,Heart of East Windsor,"Exclusive Boutique Hotel, Private 1 Bedroom Suite",92
111,Private room in Windsor,The fourth room is beautiful !!!,The fourth room is beautiful !!!,54
112,Private room in Windsor,Cozy Private BR in a basement/queen bed+free WifiðŸŽ–,Year Round Hot Tub at The Gem!,75
113,Home in Windsor,"Couple's Romantic Retreat with hot tub, fire pit.",Professionals Favorite Place,322
114,Home in Windsor,Stylish Suite Near Waterfront & Downtown,"Couple's Romantic Retreat with hot tub, fire pit.",176
115,Private room in Windsor,Private BR W/ Spectacular River View Near UWindsor,Private BR W/ Spectacular River View Near UWindsor,64
116,Cottage in Windsor,"Serene, Cozy Cottage on the water.",Stylish Suite Near Waterfront & Downtown,195
117,Cottage in Lakeshore,Lake House on Lake St Clair,Private Master Room Windsor,165
118,Private room in Windsor,Private Master Room Windsor,"Serene, Cozy Cottage on the water.",74
119,Loft in Windsor,Charming Erie loft in the heart of Little Italy,Charming Erie loft in the heart of Little Italy,232
120,Private room in Windsor,1 Private room | 2 guests max,Lake House on Lake St Clair,52
121,Guest suite in Windsor,Spacious 1 Bedroom Walkout Basement Unit,1 Private room | 2 guests max,111
122,Private room in Windsor,King Bedroom in a newly built house,King Bedroom in a newly built house,66
123,Private room in Windsor,Cheerful Townhouse in heart of Walkerville,Spacious 1 Bedroom Walkout Basement Unit,92
124,Private room in Windsor,Studio in Trendy & Walkable Olde Walkerville,Cheerful Townhouse in heart of Walkerville,90
125,Villa in Windsor,Cheerful 4-bedroom home by the river.,Studio in Trendy & Walkable Olde Walkerville,279
126,Private room in Windsor,Private BR W/ Spectacular River View Near UWin,Cozy Private BR in a basement/queen bed+free WifiðŸŽ–,64
127,Private room in Windsor,The second room is beautiful!!!,The second room is beautiful!!!,54
128,Bungalow in Windsor,Heart of East Windsor,"Exclusive Boutique Hotel, Private 1 Bedroom Suite",92
129,Private room in Windsor,The fourth room is beautiful !!!,The fourth room is beautiful !!!,54
130,Private room in Windsor,Cozy Private BR in a basement/queen bed+free WifiðŸŽ–,Year Round Hot Tub at The Gem!,75
131,Home in Windsor,"Couple's Romantic Retreat with hot tub, fire pit.",Professionals Favorite Place,322
132,Home in Windsor,Stylish Suite Near Waterfront & Downtown,"Couple's Romantic Retreat with hot tub, fire pit.",176
133,Private room in Windsor,Private BR W/ Spectacular River View Near UWindsor,Private BR W/ Spectacular River View Near UWindsor,64
134,Cottage in Windsor,"Serene, Cozy Cottage on the water.",Stylish Suite Near Waterfront & Downtown,195
135,Cottage in Lakeshore,Lake House on Lake St Clair,Private Master Room Windsor,165
136,Private room in Windsor,Private Master Room Windsor,"Serene, Cozy Cottage on the water.",74
137,Loft in Windsor,Charming Erie loft in the heart of Little Italy,Charming Erie loft in the heart of Little Italy,232
138,Private room in Windsor,1 Private room | 2 guests max,Lake House on Lake St Clair,52
139,Guest suite in Windsor,Spacious 1 Bedroom Walkout Basement Unit,1 Private room | 2 guests max,111
140,Private room in Windsor,King Bedroom in a newly built house,King Bedroom in a newly built house,66
141,Private room in Windsor,Cheerful Townhouse in heart of Walkerville,Spacious 1 Bedroom Walkout Basement Unit,92
142,Private room in Windsor,Studio in Trendy & Walkable Olde Walkerville,Cheerful Townhouse in heart of Walkerville,90
143,Villa in Windsor,Cheerful 4-bedroom home by the river.,Studio in Trendy & Walkable Olde Walkerville,279
144,Private room in Windsor,Private BR W/ Spectacular River View Near UWin,Cozy Private BR in a basement/queen bed+free WifiðŸŽ–,64
145,Private room in Windsor,The second room is beautiful!!!,The second room is beautiful!!!,54
146,Bungalow in Windsor,Heart of East Windsor,"Exclusive Boutique Hotel, Private 1 Bedroom Suite",92
147,Private room in Windsor,The fourth room is beautiful !!!,The fourth room is beautiful !!!,54
148,Private room in Windsor,Cozy Private BR in a basement/queen bed+free WifiðŸŽ–,Year Round Hot Tub at The Gem!,75
149,Home in Windsor,"Couple's Romantic Retreat with hot tub, fire pit.",Professionals Favorite Place,322
150,Home in Windsor,Stylish Suite Near Waterfront & Downtown,"Couple's Romantic Retreat with hot tub, fire pit.",176
151,Private room in Windsor,Private BR W/ Spectacular River View Near UWindsor,Private BR W/ Spectacular River View Near UWindsor,64
152,Cottage in Windsor,"Serene, Cozy Cottage on the water.",Stylish Suite Near Waterfront & Downtown,195
153,Cottage in Lakeshore,Lake House on Lake St Clair,Private Master Room Windsor,165
154,Private room in Windsor,Private Master Room Windsor,"Serene, Cozy Cottage on the water.",74
155,Loft in Windsor,Charming Erie loft in the heart of Little Italy,Charming Erie loft in the heart of Little Italy,232
156,Private room in Windsor,1 Private room | 2 guests max,Lake House on Lake St Clair,52
157,Guest suite in Windsor,Spacious 1 Bedroom Walkout Basement Unit,1 Private room | 2 guests max,111
158,Private room in Windsor,King Bedroom in a newly built house,King Bedroom in a newly built house,66
159,Private room in Windsor,Cheerful Townhouse in heart of Walkerville,Spacious 1 Bedroom Walkout Basement Unit,92
160,Private room in Windsor,Studio in Trendy & Walkable Olde Walkerville,Cheerful Townhouse in heart of Walkerville,90
161,Villa in Windsor,Cheerful 4-bedroom home by the river.,Studio in Trendy & Walkable Olde Walkerville,279
162,Private room in Windsor,Private BR W/ Spectacular River View Near UWin,Cozy Private BR in a basement/queen bed+free WifiðŸŽ–,64
163,Private room in Windsor,The second room is beautiful!!!,The second room is beautiful!!!,54
164,Bungalow in Windsor,Heart of East Windsor,"Exclusive Boutique Hotel, Private 1 Bedroom Suite",92
165,Private room in Windsor,The fourth room is beautiful !!!,The fourth room is beautiful !!!,54
166,Private room in Windsor,Cozy Private BR in a basement/queen bed+free WifiðŸŽ–,Year Round Hot Tub at The Gem!,75
167,Home in Windsor,"Couple's Romantic Retreat with hot tub, fire pit.",Professionals Favorite Place,322
168,Home in Windsor,Stylish Suite Near Waterfront & Downtown,"Couple's Romantic Retreat with hot tub, fire pit.",176
169,Private room in Windsor,Private BR W/ Spectacular River View Near UWindsor,Private BR W/ Spectacular River View Near UWindsor,64
170,Cottage in Windsor,"Serene, Cozy Cottage on the water.",Stylish Suite Near Waterfront & Downtown,195
171,Cottage in Lakeshore,Lake House on Lake St Clair,Private Master Room Windsor,165
172,Private room in Windsor,Private Master Room Windsor,"Serene, Cozy Cottage on the water.",74
173,Loft in Windsor,Charming Erie loft in the heart of Little Italy,Charming Erie loft in the heart of Little Italy,232
174,Private room in Windsor,1 Private room | 2 guests max,Lake House on Lake St Clair,52
175,Guest suite in Windsor,Spacious 1 Bedroom Walkout Basement Unit,1 Private room | 2 guests max,111
176,Private room in Windsor,King Bedroom in a newly built house,King Bedroom in a newly built house,66
177,Private room in Windsor,Cheerful Townhouse in heart of Walkerville,Spacious 1 Bedroom Walkout Basement Unit,92
178,Private room in Windsor,Studio in Trendy & Walkable Olde Walkerville,Cheerful Townhouse in heart of Walkerville,90
179,Villa in Windsor,Cheerful 4-bedroom home by the river.,Studio in Trendy & Walkable Olde Walkerville,279
180,Private room in Windsor,Private BR W/ Spectacular River View Near UWin,Cozy Private BR in a basement/queen bed+free WifiðŸŽ–,64
181,Private room in Windsor,The second room is beautiful!!!,The second room is beautiful!!!,54
182,Bungalow in Windsor,Heart of East Windsor,"Exclusive Boutique Hotel, Private 1 Bedroom Suite",92
183,Private room in Windsor,The fourth room is beautiful !!!,The fourth room is beautiful !!!,54
184,Private room in Windsor,Cozy Private BR in a basement/queen bed+free WifiðŸŽ–,Year Round Hot Tub at The Gem!,75
185,Home in Windsor,"Couple's Romantic Retreat with hot tub, fire pit.",Professionals Favorite Place,322
186,Home in Windsor,Stylish Suite Near Waterfront & Downtown,"Couple's Romantic Retreat with hot tub, fire pit.",176
187,Private room in Windsor,Private BR W/ Spectacular River View Near UWindsor,Private BR W/ Spectacular River View Near UWindsor,64
188,Cottage in Windsor,"Serene, Cozy Cottage on the water.",Stylish Suite Near Waterfront & Downtown,195
189,Cottage in Lakeshore,Lake House on Lake St Clair,Private Master Room Windsor,165
190,Private room in Windsor,Private Master Room Windsor,"Serene, Cozy Cottage on the water.",74
191,Loft in Windsor,Charming Erie loft in the heart of Little Italy,Charming Erie loft in the heart of Little Italy,232
192,Private room in Windsor,1 Private room | 2 guests max,Lake House on Lake St Clair,52
193,Guest suite in Windsor,Spacious 1 Bedroom Walkout Basement Unit,1 Private room | 2 guests max,111
194,Private room in Windsor,King Bedroom in a newly built house,King Bedroom in a newly built house,66
195,Private room in Windsor,Cheerful Townhouse in heart of Walkerville,Spacious 1 Bedroom Walkout Basement Unit,92
196,Private room in Windsor,Studio in Trendy & Walkable Olde Walkerville,Cheerful Townhouse in heart of Walkerville,90
197,Villa in Windsor,Cheerful 4-bedroom home by the river.,Studio in Trendy & Walkable Olde Walkerville,279
198,Private room in Windsor,Private BR W/ Spectacular River View Near UWin,Cozy Private BR in a basement/queen bed+free WifiðŸŽ–,64
199,Private room in Windsor,The second room is beautiful!!!,The second room is beautiful!!!,54
200,Bungalow in Windsor,Heart of East Windsor,"Exclusive Boutique Hotel, Private 1 Bedroom Suite",92
201,Private room in Windsor,The fourth room is beautiful !!!,The fourth room is beautiful !!!,54
202,Private room in Windsor,Cozy Private BR in a basement/queen bed+free WifiðŸŽ–,Year Round Hot Tub at The Gem!,75
203,Home in Windsor,"Couple's Romantic Retreat with hot tub, fire pit.",Professionals Favorite Place,322
204,Home in Windsor,Stylish Suite Near Waterfront & Downtown,"Couple's Romantic Retreat with hot tub, fire pit.",176
205,Private room in Windsor,Private BR W/ Spectacular River View Near UWindsor,Private BR W/ Spectacular River View Near UWindsor,64
206,Cottage in Windsor,"Serene, Cozy Cottage on the water.",Stylish Suite Near Waterfront & Downtown,195
207,Cottage in Lakeshore,Lake House on Lake St Clair,Private Master Room Windsor,165
208,Private room in Windsor,Private Master Room Windsor,"Serene, Cozy Cottage on the water.",74
209,Loft in Windsor,Charming Erie loft in the heart of Little Italy,Charming Erie loft in the heart of Little Italy,232
210,Private room in Windsor,1 Private room | 2 guests max,Lake House on Lake St Clair,52
211,Guest suite in Windsor,Spacious 1 Bedroom Walkout Basement Unit,1 Private room | 2 guests max,111
212,Private room in Windsor,King Bedroom in a newly built house,King Bedroom in a newly built house,66
213,Private room in Windsor,Cheerful Townhouse in heart of Walkerville,Spacious 1 Bedroom Walkout Basement Unit,92
214,Private room in Windsor,Studio in Trendy & Walkable Olde Walkerville,Cheerful Townhouse in heart of Walkerville,90
215,Villa in Windsor,Cheerful 4-bedroom home by the river.,Studio in Trendy & Walkable Olde Walkerville,279
216,Private room in Windsor,Private BR W/ Spectacular River View Near UWin,Cozy Private BR in a basement/queen bed+free WifiðŸŽ–,64
217,Private room in Windsor,The second room is beautiful!!!,The second room is beautiful!!!,54
218,Bungalow in Windsor,Heart of East Windsor,"Exclusive Boutique Hotel, Private 1 Bedroom Suite",92
219,Private room in Windsor,The fourth room is beautiful !!!,The fourth room is beautiful !!!,54
220,Private room in Windsor,Cozy Private BR in a basement/queen bed+free WifiðŸŽ–,Year Round Hot Tub at The Gem!,75
221,Home in Windsor,"Couple's Romantic Retreat with hot tub, fire pit.",Professionals Favorite Place,322
222,Home in Windsor,Stylish Suite Near Waterfront & Downtown,"Couple's Romantic Retreat with hot tub, fire pit.",176
223,Private room in Windsor,Private BR W/ Spectacular River View Near UWindsor,Private BR W/ Spectacular River View Near UWindsor,64
224,Cottage in Windsor,"Serene, Cozy Cottage on the water.",Stylish Suite Near Waterfront & Downtown,195
225,Cottage in Lakeshore,Lake House on Lake St Clair,Private Master Room Windsor,165
226,Private room in Windsor,Private Master Room Windsor,"Serene, Cozy Cottage on the water.",74
227,Loft in Windsor,Charming Erie loft in the heart of Little Italy,Charming Erie loft in the heart of Little Italy,232
228,Private room in Windsor,1 Private room | 2 guests max,Lake House on Lake St Clair,52
229,Guest suite in Windsor,Spacious 1 Bedroom Walkout Basement Unit,1 Private room | 2 guests max,111
230,Private room in Windsor,King Bedroom in a newly built house,King Bedroom in a newly built house,66
231,Private room in Windsor,Cheerful Townhouse in heart of Walkerville,Spacious 1 Bedroom Walkout Basement Unit,92
232,Private room in Windsor,Studio in Trendy & Walkable Olde Walkerville,Cheerful Townhouse in heart of Walkerville,90
233,Villa in Windsor,Cheerful 4-bedroom home by the river.,Studio in Trendy & Walkable Olde Walkerville,279
